match_id,Pt,Set1,Set2,Gm1,Gm2,Pts,Gm#,TbSet,Svr,1st,2nd,Notes,PtWinner
20250116-M-Australian_Open-R64-Learner_Tien-Daniil_Medvedev,1,0,0,0,0,0-0,1,True,1,6b28f1f2f2b1n@,,,1
20250116-M-Australian_Open-R64-Learner_Tien-Daniil_Medvedev,2,0,0,0,0,15-0,1,True,1,4b39f1w#,,,2
20250116-M-Australian_Open-R64-Learner_Tien-Daniil_Medvedev,3,0,0,0,0,15-15,1,True,1,c4f28f3b1b1f1b1f1b3b3f3b2b2f1b2b3f3b3f2n@,,,2
20250116-M-Australian_Open-R64-Learner_Tien-Daniil_Medvedev,4,0,0,0,0,15-30,1,True,1,6*,,,1
20250116-M-Australian_Open-R64-Learner_Tien-Daniil_Medvedev,5,0,0,0,0,30-30,1,True,1,4f29f1f2f3b1b1f1b3b3f2f3f3b2s3b3f1f1d#,,,1
20250116-M-Australian_Open-R64-Learner_Tien-Daniil_Medvedev,6,0,0,0,0,40-30,1,True,1,4b38f2f1b1f2f1f1w@,,,1
20250116-M-Australian_Open-R64-Learner_Tien-Daniil_Medvedev,7,0,0,1,0,0-0,2,True,2,c6*,,,2
20250116-M-Australian_Open-R64-Learner_Tien-Daniil_Medvedev,8,0,0,1,0,15-0,2,True,2,6*,,,2
20250116-M-Australian_Open-R64-Learner_Tien-Daniil_Medvedev,9,0,0,1,0,30-0,2,True,2,4s29b3d@,,,1
20250116-M-Australian_Open-R64-Learner_Tien-Daniil_Medvedev,10,0,0,1,0,30-15,2,True,2,4n,5f29f2f1f1b1f2f1r2n#,,1
20250116-M-Australian_Open-R64-Learner_Tien-Daniil_Medvedev,11,0,0,1,0,30-30,2,True,2,6+f2j1*,,,2
20250116-M-Australian_Open-R64-Learner_Tien-Daniil_Medvedev,12,0,0,1,0,40-30,2,True,2,6b18f1b3b2f3w@,,,2
20250116-M-Australian_Open-R64-Learner_Tien-Daniil_Medvedev,13,0,0,1,1,0-0,3,True,1,4d,5b29b2b3b2b2b1f1b3b1s1f3f+3m#,,1
20250116-M-Australian_Open-R64-Learner_Tien-Daniil_Medvedev,14,0,0,1,1,15-0,3,True,1,4b39f2f3r#,,,2
20250116-M-Australian_Open-R64-Learner_Tien-Daniil_Medvedev,15,0,0,1,1,15-15,3,True,1,6b28f2f2b2f1b1f1b1f1b3d@,,,2
20250116-M-Australian_Open-R64-Learner_Tien-Daniil_Medvedev,16,0,0,1,1,15-30,3,True,1,4d,4b28f1f1b2b1b3b2b2b2b3b2b+1l2j3m1o3*,,1
20250116-M-Australian_Open-R64-Learner_Tien-Daniil_Medvedev,17,0,0,1,1,30-30,3,True,1,6b18f3s2f+1l1o1f3v3b1*,,,2
20250116-M-Australian_Open-R64-Learner_Tien-Daniil_Medvedev,18,0,0,1,1,30-40,3,True,1,6*,,,1
20250116-M-Australian_Open-R64-Learner_Tien-Daniil_Medvedev,19,0,0,1,1,40-40,3,True,1,4f17b1n@,,,2
20250116-M-Australian_Open-R64-Learner_Tien-Daniil_Medvedev,20,0,0,1,1,40-AD,3,True,1,4b18s1f1b1f1b3b3f1n@,,,2
20250116-M-Australian_Open-R64-Learner_Tien-Daniil_Medvedev,21,0,0,1,2,0-0,4,True,2,4b18f3r3f3f1w@,,,2
20250116-M-Australian_Open-R64-Learner_Tien-Daniil_Medvedev,22,0,0,1,2,15-0,4,True,2,6b37b3f2b1s1f1b1f1b1f3w@,,,1
20250116-M-Australian_Open-R64-Learner_Tien-Daniil_Medvedev,23,0,0,1,2,15-15,4,True,2,4x,4b17f2n@,,1
20250116-M-Australian_Open-R64-Learner_Tien-Daniil_Medvedev,24,0,0,1,2,15-30,4,True,2,4f1n#,,,2
20250116-M-Australian_Open-R64-Learner_Tien-Daniil_Medvedev,25,0,0,1,2,30-30,4,True,2,6r28f3f2b1b1f1s3b2b2b1b1f1b3b3f1d#,,,2
20250116-M-Australian_Open-R64-Learner_Tien-Daniil_Medvedev,26,0,0,1,2,40-30,4,True,2,4f19f1s2b+1b3z3*,,,2
20250116-M-Australian_Open-R64-Learner_Tien-Daniil_Medvedev,27,0,0,1,3,0-0,5,True,1,6n,6b28f2b1b1f1b2n@,,2
20250116-M-Australian_Open-R64-Learner_Tien-Daniil_Medvedev,28,0,0,1,3,0-15,5,True,1,4b28f1n@,,,2
20250116-M-Australian_Open-R64-Learner_Tien-Daniil_Medvedev,29,0,0,1,3,0-30,5,True,1,c6d,6b28f3b3f3b3f2f3f3b3f1f1b1f1b1f3n@,,1
20250116-M-Australian_Open-R64-Learner_Tien-Daniil_Medvedev,30,0,0,1,3,15-30,5,True,1,6d,4b28b3b2n@,,1
20250116-M-Australian_Open-R64-Learner_Tien-Daniil_Medvedev,31,0,0,1,3,30-30,5,True,1,4f29f2b1n@,,,1
20250116-M-Australian_Open-R64-Learner_Tien-Daniil_Medvedev,32,0,0,1,3,40-30,5,True,1,4b38f3b1s2n#,,,2
20250116-M-Australian_Open-R64-Learner_Tien-Daniil_Medvedev,33,0,0,1,3,40-40,5,True,1,6b18b1f;2f3b2f1f1b1n@,,,2
20250116-M-Australian_Open-R64-Learner_Tien-Daniil_Medvedev,34,0,0,1,3,40-AD,5,True,1,4b29f2b1b2f1b3s2h^3*,,,1
20250116-M-Australian_Open-R64-Learner_Tien-Daniil_Medvedev,35,0,0,1,3,40-40,5,True,1,4f19b3b1b2f3f1f2s3y1s-3b3h3w@,,,2
20250116-M-Australian_Open-R64-Learner_Tien-Daniil_Medvedev,36,0,0,1,3,40-AD,5,True,1,6w,4b29f1f1b1f2b1f1b3b2f1*,,1
20250116-M-Australian_Open-R64-Learner_Tien-Daniil_Medvedev,37,0,0,1,3,40-40,5,True,1,6b29f2b3w@,,,1
20250116-M-Australian_Open-R64-Learner_Tien-Daniil_Medvedev,38,0,0,1,3,AD-40,5,True,1,6*,,,1
20250116-M-Australian_Open-R64-Learner_Tien-Daniil_Medvedev,39,0,0,2,3,0-0,6,True,2,6d,5b27f3f2f+1b3n#,,2
20250116-M-Australian_Open-R64-Learner_Tien-Daniil_Medvedev,40,0,0,2,3,15-0,6,True,2,4f38u3f-1f2n#,,,1
20250116-M-Australian_Open-R64-Learner_Tien-Daniil_Medvedev,41,0,0,2,3,15-15,6,True,2,4b;27f1b1f1b1f3f3b2f3*,,,1
20250116-M-Australian_Open-R64-Learner_Tien-Daniil_Medvedev,42,0,0,2,3,15-30,6,True,2,4d,5b28f3f1f1s2b1s1f1s1f1b1f2f1f1d@,,1
20250116-M-Australian_Open-R64-Learner_Tien-Daniil_Medvedev,43,0,0,2,3,15-40,6,True,2,4b18f1s2n@,,,2
20250116-M-Australian_Open-R64-Learner_Tien-Daniil_Medvedev,44,0,0,2,3,30-40,6,True,2,c6d,6f28b1s1f1b1f1f3b2f1r2d#,,1
20250116-M-Australian_Open-R64-Learner_Tien-Daniil_Medvedev,45,0,0,3,3,0-0,7,True,1,4f18b3b1b+3b1z3d@,,,2
20250116-M-Australian_Open-R64-Learner_Tien-Daniil_Medvedev,46,0,0,3,3,0-15,7,True,1,6d,4b28f2f1b1f1b1f1b2b3f2b1s1f1b1f1s2b3f1f2b1n#,,2
20250116-M-Australian_Open-R64-Learner_Tien-Daniil_Medvedev,47,0,0,3,3,0-30,7,True,1,6b19f3b2b2b1s2b1b3b3f1f2b1f1n#,,,1
20250116-M-Australian_Open-R64-Learner_Tien-Daniil_Medvedev,48,0,0,3,3,15-30,7,True,1,5d,4b38f3b2b3b2f1f1s1f1b3b2f3b1b1f3n#,,1
20250116-M-Australian_Open-R64-Learner_Tien-Daniil_Medvedev,49,0,0,3,3,30-30,7,True,1,6b29f2f1b2f1s2s1f3b2f1f2d@,,,1
20250116-M-Australian_Open-R64-Learner_Tien-Daniil_Medvedev,50,0,0,3,3,40-30,7,True,1,4b38f3b3f2b1s1f1b3b2f3b2f+3m1o1*,,,1
20250116-M-Australian_Open-R64-Learner_Tien-Daniil_Medvedev,51,0,0,4,3,0-0,8,True,2,6f17f1b2d@,,,2
20250116-M-Australian_Open-R64-Learner_Tien-Daniil_Medvedev,52,0,0,4,3,15-0,8,True,2,6b28b3f3b+1b3*,,,1
20250116-M-Australian_Open-R64-Learner_Tien-Daniil_Medvedev,53,0,0,4,3,15-15,8,True,2,6*,,,2
20250116-M-Australian_Open-R64-Learner_Tien-Daniil_Medvedev,54,0,0,4,3,30-15,8,True,2,6*,,,2
20250116-M-Australian_Open-R64-Learner_Tien-Daniil_Medvedev,55,0,0,4,3,40-15,8,True,2,4n,4b28f2f2b3n@,,1
20250116-M-Australian_Open-R64-Learner_Tien-Daniil_Medvedev,56,0,0,4,3,40-30,8,True,2,6n,5n,,1
20250116-M-Australian_Open-R64-Learner_Tien-Daniil_Medvedev,57,0,0,4,3,40-40,8,True,2,6f17w#,,,2
20250116-M-Australian_Open-R64-Learner_Tien-Daniil_Medvedev,58,0,0,4,3,AD-40,8,True,2,6d,6b28b2b3b3f1f1s3b3f1f1n#,,1
20250116-M-Australian_Open-R64-Learner_Tien-Daniil_Medvedev,59,0,0,4,3,40-40,8,True,2,6n,4b27b1s1f3f3b2f2b2f2f2f1f2f1f1b3b3f3b1s1f3f3b1s1f1s1f3f3b2y3b-3f1*,,1
20250116-M-Australian_Open-R64-Learner_Tien-Daniil_Medvedev,60,0,0,4,3,40-AD,8,True,2,6s19w#,,,2
20250116-M-Australian_Open-R64-Learner_Tien-Daniil_Medvedev,61,0,0,4,3,40-40,8,True,2,6d,4b39*,,1
20250116-M-Australian_Open-R64-Learner_Tien-Daniil_Medvedev,62,0,0,4,3,40-AD,8,True,2,6d,6f27b3f3b1s1f1b2b1f1f3n#,,1
20250116-M-Australian_Open-R64-Learner_Tien-Daniil_Medvedev,63,0,0,5,3,0-0,9,True,1,4f29f3b3f3b3n@,,,1
20250116-M-Australian_Open-R64-Learner_Tien-Daniil_Medvedev,64,0,0,5,3,15-0,9,True,1,6f1d#,,,1
20250116-M-Australian_Open-R64-Learner_Tien-Daniil_Medvedev,65,0,0,5,3,30-0,9,True,1,6n,6b28f1f1b3b3f3b2b2f3w@,,1
20250116-M-Australian_Open-R64-Learner_Tien-Daniil_Medvedev,66,0,0,5,3,40-0,9,True,1,4d,4b39f3b3f;1*,,1
20250116-M-Australian_Open-R64-Learner_Tien-Daniil_Medvedev,67,1,0,0,0,0-0,10,True,2,c6w,5f2n@,,2
20250116-M-Australian_Open-R64-Learner_Tien-Daniil_Medvedev,68,1,0,0,0,15-0,10,True,2,4d,4w,,1
20250116-M-Australian_Open-R64-Learner_Tien-Daniil_Medvedev,69,1,0,0,0,15-15,10,True,2,6d,5b28b1b2b3r3b+1m2o2f2z^1*,,2
20250116-M-Australian_Open-R64-Learner_Tien-Daniil_Medvedev,70,1,0,0,0,30-15,10,True,2,4*,,,2
20250116-M-Australian_Open-R64-Learner_Tien-Daniil_Medvedev,71,1,0,0,0,40-15,10,True,2,4+s2k3*,,,2
20250116-M-Australian_Open-R64-Learner_Tien-Daniil_Medvedev,72,1,0,0,1,0-0,11,True,1,6b19b2f2f3b2f3b2s1f1w@,,,1
20250116-M-Australian_Open-R64-Learner_Tien-Daniil_Medvedev,73,1,0,0,1,15-0,11,True,1,6*,,,1
20250116-M-Australian_Open-R64-Learner_Tien-Daniil_Medvedev,74,1,0,0,1,30-0,11,True,1,5b29b2b1b1f3*,,,2
20250116-M-Australian_Open-R64-Learner_Tien-Daniil_Medvedev,75,1,0,0,1,30-15,11,True,1,4b2d#,,,1
20250116-M-Australian_Open-R64-Learner_Tien-Daniil_Medvedev,76,1,0,0,1,40-15,11,True,1,4n,6b29f2b3f3b2b3b2b2f1b1f1b3n@,,2
20250116-M-Australian_Open-R64-Learner_Tien-Daniil_Medvedev,77,1,0,0,1,40-30,11,True,1,6d,4b39f3b1b3b2f3b2b1w@,,2
20250116-M-Australian_Open-R64-Learner_Tien-Daniil_Medvedev,78,1,0,0,1,40-40,11,True,1,4f27f3b3n#,,,1
20250116-M-Australian_Open-R64-Learner_Tien-Daniil_Medvedev,79,1,0,0,1,AD-40,11,True,1,6n,4b18b3d#,,2
20250116-M-Australian_Open-R64-Learner_Tien-Daniil_Medvedev,80,1,0,0,1,40-40,11,True,1,6b29f2b2f3b3f3b1b1f1b3b2f3b3r3f1b1n@,,,2
20250116-M-Australian_Open-R64-Learner_Tien-Daniil_Medvedev,81,1,0,0,1,40-AD,11,True,1,6d,5b27s1f1b3n@,,2
20250116-M-Australian_Open-R64-Learner_Tien-Daniil_Medvedev,82,1,0,0,2,0-0,12,True,2,6d,5n,,1
20250116-M-Australian_Open-R64-Learner_Tien-Daniil_Medvedev,83,1,0,0,2,0-15,12,True,2,4n,5f38b2f2f+1s3z3f1*,,1
20250116-M-Australian_Open-R64-Learner_Tien-Daniil_Medvedev,84,1,0,0,2,0-30,12,True,2,4n,c5b38b3f3b1w#,,1
20250116-M-Australian_Open-R64-Learner_Tien-Daniil_Medvedev,85,1,0,0,2,0-40,12,True,2,6b29b2r3b3f3b1s3b+1s3w#,,,2
20250116-M-Australian_Open-R64-Learner_Tien-Daniil_Medvedev,86,1,0,0,2,15-40,12,True,2,6n,c5b38b3f2f3f3b1s2f1b2f3f1f2b2b1s1f1b1f1b1f1b2b1b2b1s3b3f3s2f1f1f3*,,1
20250116-M-Australian_Open-R64-Learner_Tien-Daniil_Medvedev,87,1,0,1,2,0-0,13,True,1,4d,6b28f1f2f3b2b1f1s1f1b2y1s-3m1p1n#,,2
20250116-M-Australian_Open-R64-Learner_Tien-Daniil_Medvedev,88,1,0,1,2,0-15,13,True,1,4w,4d,,2
20250116-M-Australian_Open-R64-Learner_Tien-Daniil_Medvedev,89,1,0,1,2,0-30,13,True,1,6b1d#,,,1
20250116-M-Australian_Open-R64-Learner_Tien-Daniil_Medvedev,90,1,0,1,2,15-30,13,True,1,4b28b2d@,,,2
20250116-M-Australian_Open-R64-Learner_Tien-Daniil_Medvedev,91,1,0,1,2,15-40,13,True,1,6d,5f18b2b2b2s1f3d@,,2
20250116-M-Australian_Open-R64-Learner_Tien-Daniil_Medvedev,92,1,0,1,3,0-0,14,True,2,5d,4b29b2f+3b1n#,,1
20250116-M-Australian_Open-R64-Learner_Tien-Daniil_Medvedev,93,1,0,1,3,0-15,14,True,2,4n,5f28b2f2b3f3b2b3b2b1f1b3b3d@,,1
20250116-M-Australian_Open-R64-Learner_Tien-Daniil_Medvedev,94,1,0,1,3,0-30,14,True,2,4b38b+3f1v3n@,,,1
20250116-M-Australian_Open-R64-Learner_Tien-Daniil_Medvedev,95,1,0,1,3,0-40,14,True,2,4d,6f29b1b2b3f2b+1b2v3f3z^1b-1n#,,2
20250116-M-Australian_Open-R64-Learner_Tien-Daniil_Medvedev,96,1,0,1,3,15-40,14,True,2,4b38b3f3b1d@,,,1
20250116-M-Australian_Open-R64-Learner_Tien-Daniil_Medvedev,97,1,0,2,3,0-0,15,True,1,6n,6b18b2f1b1f3r2u3f-3w#,,2
20250116-M-Australian_Open-R64-Learner_Tien-Daniil_Medvedev,98,1,0,2,3,0-15,15,True,1,6r28f1f1b2b1b2f1b1f2f1w@,,,2
20250116-M-Australian_Open-R64-Learner_Tien-Daniil_Medvedev,99,1,0,2,3,0-30,15,True,1,4f18b2b3f3b1s1f1s1f1b1f3f3b3w#,,,1
20250116-M-Australian_Open-R64-Learner_Tien-Daniil_Medvedev,100,1,0,2,3,15-30,15,True,1,4b38f1r1f1f1d#,,,1
20250116-M-Australian_Open-R64-Learner_Tien-Daniil_Medvedev,101,1,0,2,3,30-30,15,True,1,4*,,,1
20250116-M-Australian_Open-R64-Learner_Tien-Daniil_Medvedev,102,1,0,2,3,40-30,15,True,1,6f28f1f#,,,1
20250116-M-Australian_Open-R64-Learner_Tien-Daniil_Medvedev,103,1,0,3,3,0-0,16,True,2,6*,,,2
20250116-M-Australian_Open-R64-Learner_Tien-Daniil_Medvedev,104,1,0,3,3,15-0,16,True,2,6b28u3n@,,,1
20250116-M-Australian_Open-R64-Learner_Tien-Daniil_Medvedev,105,1,0,3,3,15-15,16,True,2,4b3n#,,,2
20250116-M-Australian_Open-R64-Learner_Tien-Daniil_Medvedev,106,1,0,3,3,30-15,16,True,2,4n,5d,,1
20250116-M-Australian_Open-R64-Learner_Tien-Daniil_Medvedev,107,1,0,3,3,30-30,16,True,2,6n,4b19f3f1f1b2f+1s3z^1i3o1z3b-1z1h3v3*,,1
20250116-M-Australian_Open-R64-Learner_Tien-Daniil_Medvedev,108,1,0,3,3,30-40,16,True,2,4d,6f28f3f3b+3f2v2l3*,,1
20250116-M-Australian_Open-R64-Learner_Tien-Daniil_Medvedev,109,1,0,4,3,0-0,17,True,1,4d,6d,,2
20250116-M-Australian_Open-R64-Learner_Tien-Daniil_Medvedev,110,1,0,4,3,0-15,17,True,1,4b38f1f1b1d@,,,2
20250116-M-Australian_Open-R64-Learner_Tien-Daniil_Medvedev,111,1,0,4,3,0-30,17,True,1,4n,6b27f1n@,,2
20250116-M-Australian_Open-R64-Learner_Tien-Daniil_Medvedev,112,1,0,4,3,0-40,17,True,1,6*,,,1
20250116-M-Australian_Open-R64-Learner_Tien-Daniil_Medvedev,113,1,0,4,3,15-40,17,True,1,4d,6b27f1f2f3b3f3b2s1f3f3b1d@,,1
20250116-M-Australian_Open-R64-Learner_Tien-Daniil_Medvedev,114,1,0,4,3,30-40,17,True,1,6f18f3n@,,,2
20250116-M-Australian_Open-R64-Learner_Tien-Daniil_Medvedev,115,1,0,4,4,0-0,18,True,2,4b28b+3r1w#,,,2
20250116-M-Australian_Open-R64-Learner_Tien-Daniil_Medvedev,116,1,0,4,4,15-0,18,True,2,6*,,,2
20250116-M-Australian_Open-R64-Learner_Tien-Daniil_Medvedev,117,1,0,4,4,30-0,18,True,2,4n,4b28b1n@,,1
20250116-M-Australian_Open-R64-Learner_Tien-Daniil_Medvedev,118,1,0,4,4,30-15,18,True,2,4f3d#,,,2
20250116-M-Australian_Open-R64-Learner_Tien-Daniil_Medvedev,119,1,0,4,4,40-15,18,True,2,5f28b3f3b1s1f1s1f3r3b3f1f1s1f1s1f1b3d@,,,2
20250116-M-Australian_Open-R64-Learner_Tien-Daniil_Medvedev,120,1,0,4,5,0-0,19,True,1,c4f1d#,,,1
20250116-M-Australian_Open-R64-Learner_Tien-Daniil_Medvedev,121,1,0,4,5,15-0,19,True,1,6f28b3w@,,,2
20250116-M-Australian_Open-R64-Learner_Tien-Daniil_Medvedev,122,1,0,4,5,15-15,19,True,1,6n,5b38f3b2b3b3f3b2b2f1b1f1b1f1d@,,1
20250116-M-Australian_Open-R64-Learner_Tien-Daniil_Medvedev,123,1,0,4,5,30-15,19,True,1,4b38f1f1b3b3f3b2s2f1b3b2f2f2b1f1b1f1b1f3f3b3f2f1b1f2f1f#,,,1
20250116-M-Australian_Open-R64-Learner_Tien-Daniil_Medvedev,124,1,0,4,5,40-15,19,True,1,6d,5d,,2
20250116-M-Australian_Open-R64-Learner_Tien-Daniil_Medvedev,125,1,0,4,5,40-30,19,True,1,5f29b1f1b3b2b3b3f3b1d@,,,1
20250116-M-Australian_Open-R64-Learner_Tien-Daniil_Medvedev,126,1,0,5,5,0-0,20,True,2,4n,4b18f3d@,,1
20250116-M-Australian_Open-R64-Learner_Tien-Daniil_Medvedev,127,1,0,5,5,0-15,20,True,2,4n,6f18f3d#,,1
20250116-M-Australian_Open-R64-Learner_Tien-Daniil_Medvedev,128,1,0,5,5,0-30,20,True,2,4b19f3f2b1s1f3f3b;2f+3b2v^2*,,,1
20250116-M-Australian_Open-R64-Learner_Tien-Daniil_Medvedev,129,1,0,5,5,0-40,20,True,2,4n,6b28f3f3b3f1f1s1f1s1w#,,2
20250116-M-Australian_Open-R64-Learner_Tien-Daniil_Medvedev,130,1,0,5,5,15-40,20,True,2,4d,4+m37o3*,,2
20250116-M-Australian_Open-R64-Learner_Tien-Daniil_Medvedev,131,1,0,5,5,30-40,20,True,2,4w,6f27b1s1r1s1r3f1f1b1f1b3s2n#,,1
20250116-M-Australian_Open-R64-Learner_Tien-Daniil_Medvedev,132,1,0,6,5,0-0,21,True,1,6b29f1f3r3b+1b2n#,,,2
20250116-M-Australian_Open-R64-Learner_Tien-Daniil_Medvedev,133,1,0,6,5,0-15,21,True,1,5d,4b37f1r1s+3m1p1n#,,2
20250116-M-Australian_Open-R64-Learner_Tien-Daniil_Medvedev,134,1,0,6,5,0-30,21,True,1,6b19f1w#,,,2
20250116-M-Australian_Open-R64-Learner_Tien-Daniil_Medvedev,135,1,0,6,5,0-40,21,True,1,4b37f1l2j=1f#,,,1
20250116-M-Australian_Open-R64-Learner_Tien-Daniil_Medvedev,136,1,0,6,5,15-40,21,True,1,4f19b3s1f3b2f1f1b2f2b1f1b1f3f3n#,,,2
20250116-M-Australian_Open-R64-Learner_Tien-Daniil_Medvedev,137,1,0,6,6,0-0,22,True,2,6f29f3d@,,,1
20250116-M-Australian_Open-R64-Learner_Tien-Daniil_Medvedev,239,2,1,0,0,30-15,36,True,2,4*,,,2
20250116-M-Australian_Open-R64-Learner_Tien-Daniil_Medvedev,138,1,0,6,6,1-0,22,True,1,6d,4b29b1f1b2b2s2b1s1f1s1f1b2f1b1f1b3b3f1f1s2f1b3b3f3b3f2f3f2b1b2f1b1f1b2b1b2b1b2f3r3b3r3b2b2f1d@,,1
20250116-M-Australian_Open-R64-Learner_Tien-Daniil_Medvedev,139,1,0,6,6,2-0,22,True,1,4f28f1f3f2f+1b3z^3*,,,2
20250116-M-Australian_Open-R64-Learner_Tien-Daniil_Medvedev,140,1,0,6,6,1-2,22,True,2,4f39f3f3b2f1f1b1f2f3b1b2b3f2b1s3n#,,,2
20250116-M-Australian_Open-R64-Learner_Tien-Daniil_Medvedev,141,1,0,6,6,2-2,22,True,2,6d,g,,1
20250116-M-Australian_Open-R64-Learner_Tien-Daniil_Medvedev,142,1,0,6,6,3-2,22,True,1,4b37f1f1b1f2f3*,,,1
20250116-M-Australian_Open-R64-Learner_Tien-Daniil_Medvedev,143,1,0,6,6,4-2,22,True,1,4f29f3b3f3b3f2b1s1f1b2f1b2b1s3b3f3b1s1f1s3b1b2n#,,,2
20250116-M-Australian_Open-R64-Learner_Tien-Daniil_Medvedev,144,1,0,6,6,3-4,22,True,2,4d,5f27b2f1f3f3b2b3b3f1n#,,2
20250116-M-Australian_Open-R64-Learner_Tien-Daniil_Medvedev,145,1,0,6,6,4-4,22,True,2,4w,4b17f3w@,,1
20250116-M-Australian_Open-R64-Learner_Tien-Daniil_Medvedev,146,1,0,6,6,5-4,22,True,1,6f28f1f1b1f1f1f1b1f1b1f1f3b3f1f1b2b2b2f3n@,,,1
20250116-M-Australian_Open-R64-Learner_Tien-Daniil_Medvedev,147,1,0,6,6,6-4,22,True,1,4f17b1f3f2b1b1f1s2b+3f1*,,,1
20250116-M-Australian_Open-R64-Learner_Tien-Daniil_Medvedev,148,2,0,0,0,0-0,23,True,1,6b39f2f1b1f1s1f1b3b2f1f1s1u1s-1f3v3*,,,1
20250116-M-Australian_Open-R64-Learner_Tien-Daniil_Medvedev,149,2,0,0,0,15-0,23,True,1,6f17s2d@,,,2
20250116-M-Australian_Open-R64-Learner_Tien-Daniil_Medvedev,150,2,0,0,0,15-15,23,True,1,6b28f3b3f2f3d@,,,1
20250116-M-Australian_Open-R64-Learner_Tien-Daniil_Medvedev,151,2,0,0,0,30-15,23,True,1,4w,5b29b3b2n@,,1
20250116-M-Australian_Open-R64-Learner_Tien-Daniil_Medvedev,152,2,0,0,0,40-15,23,True,1,4n,6b29f3b3f3b;2s2y+1b-3z2n#,,1
20250116-M-Australian_Open-R64-Learner_Tien-Daniil_Medvedev,153,2,0,1,0,0-0,24,True,2,6+f2j2*,,,2
20250116-M-Australian_Open-R64-Learner_Tien-Daniil_Medvedev,154,2,0,1,0,15-0,24,True,2,4d,4f37b+1m1o1b3y1i3w#,,2
20250116-M-Australian_Open-R64-Learner_Tien-Daniil_Medvedev,155,2,0,1,0,30-0,24,True,2,6w,5r38b3f2f1*,,2
20250116-M-Australian_Open-R64-Learner_Tien-Daniil_Medvedev,156,2,0,1,0,40-0,24,True,2,c6s18w#,,,2
20250116-M-Australian_Open-R64-Learner_Tien-Daniil_Medvedev,157,2,0,1,1,0-0,25,True,1,6b39f2b3f2f+1s2v^3*,,,2
20250116-M-Australian_Open-R64-Learner_Tien-Daniil_Medvedev,158,2,0,1,1,0-15,25,True,1,4w,4b39f2f1b1f2f1f3r2u!@,,1
20250116-M-Australian_Open-R64-Learner_Tien-Daniil_Medvedev,159,2,0,1,1,15-15,25,True,1,4f17s3b3f1f1b3s2d#,,,1
20250116-M-Australian_Open-R64-Learner_Tien-Daniil_Medvedev,160,2,0,1,1,30-15,25,True,1,6w,4b29b1f1n#,,1
20250116-M-Australian_Open-R64-Learner_Tien-Daniil_Medvedev,161,2,0,1,1,40-15,25,True,1,6b29f2b+3r3z^1*,,,2
20250116-M-Australian_Open-R64-Learner_Tien-Daniil_Medvedev,162,2,0,1,1,40-30,25,True,1,6+f2j3x@,,,2
20250116-M-Australian_Open-R64-Learner_Tien-Daniil_Medvedev,163,2,0,1,1,40-40,25,True,1,4n,6b18b1f1b1f1b1f1b3*,,1
20250116-M-Australian_Open-R64-Learner_Tien-Daniil_Medvedev,164,2,0,1,1,AD-40,25,True,1,4w,6+f3j3*,,1
20250116-M-Australian_Open-R64-Learner_Tien-Daniil_Medvedev,165,2,0,2,1,0-0,26,True,2,4#,,,2
20250116-M-Australian_Open-R64-Learner_Tien-Daniil_Medvedev,166,2,0,2,1,15-0,26,True,2,4d,4f39b1b3s1u3*,,1
20250116-M-Australian_Open-R64-Learner_Tien-Daniil_Medvedev,167,2,0,2,1,15-15,26,True,2,6f2d#,,,2
20250116-M-Australian_Open-R64-Learner_Tien-Daniil_Medvedev,168,2,0,2,1,30-15,26,True,2,6d,5f27f1n@,,1
20250116-M-Australian_Open-R64-Learner_Tien-Daniil_Medvedev,169,2,0,2,1,30-30,26,True,2,c4+b3z^3*,,,2
20250116-M-Australian_Open-R64-Learner_Tien-Daniil_Medvedev,170,2,0,2,1,40-30,26,True,2,4r3n#,,,2
20250116-M-Australian_Open-R64-Learner_Tien-Daniil_Medvedev,171,2,0,2,2,0-0,27,True,1,6b28f3b2f1f1s1f1s1f1s1f2f1n@,,,2
20250116-M-Australian_Open-R64-Learner_Tien-Daniil_Medvedev,172,2,0,2,2,0-15,27,True,1,6d,4d,,2
20250116-M-Australian_Open-R64-Learner_Tien-Daniil_Medvedev,173,2,0,2,2,0-30,27,True,1,6b28f3f2d#,,,1
20250116-M-Australian_Open-R64-Learner_Tien-Daniil_Medvedev,174,2,0,2,2,15-30,27,True,1,6f29b2b3n@,,,1
20250116-M-Australian_Open-R64-Learner_Tien-Daniil_Medvedev,175,2,0,2,2,30-30,27,True,1,4f18b3b1b1f1b1f1s1f1b3n@,,,2
20250116-M-Australian_Open-R64-Learner_Tien-Daniil_Medvedev,176,2,0,2,2,30-40,27,True,1,4w,5r37f1*,,1
20250116-M-Australian_Open-R64-Learner_Tien-Daniil_Medvedev,177,2,0,2,2,40-40,27,True,1,6b18b2f2f1f2d@,,,1
20250116-M-Australian_Open-R64-Learner_Tien-Daniil_Medvedev,178,2,0,2,2,AD-40,27,True,1,c6r18f3*,,,1
20250116-M-Australian_Open-R64-Learner_Tien-Daniil_Medvedev,179,2,0,3,2,0-0,28,True,2,5f27f+2b3z1d@,,,1
20250116-M-Australian_Open-R64-Learner_Tien-Daniil_Medvedev,180,2,0,3,2,0-15,28,True,2,4d,6f27b1s1f1s1f1b3d@,,2
20250116-M-Australian_Open-R64-Learner_Tien-Daniil_Medvedev,181,2,0,3,2,15-15,28,True,2,6d,5b1d#,,2
20250116-M-Australian_Open-R64-Learner_Tien-Daniil_Medvedev,182,2,0,3,2,30-15,28,True,2,4n,4f19r1b1f2f3s1b3b2f1r2u1f-3l3*,,1
20250116-M-Australian_Open-R64-Learner_Tien-Daniil_Medvedev,183,2,0,3,2,30-30,28,True,2,6d,6*,,2
20250116-M-Australian_Open-R64-Learner_Tien-Daniil_Medvedev,184,2,0,3,2,40-30,28,True,2,4f28u3h3b1z3b3*,,,2
20250116-M-Australian_Open-R64-Learner_Tien-Daniil_Medvedev,185,2,0,3,3,0-0,29,True,1,6b29f2f3r3b3f1f1s3b3f3b3f1f2d#,,,1
20250116-M-Australian_Open-R64-Learner_Tien-Daniil_Medvedev,186,2,0,3,3,15-0,29,True,1,6n,4b19b#,,2
20250116-M-Australian_Open-R64-Learner_Tien-Daniil_Medvedev,187,2,0,3,3,15-15,29,True,1,4n,6b2d@,,1
20250116-M-Australian_Open-R64-Learner_Tien-Daniil_Medvedev,188,2,0,3,3,30-15,29,True,1,6w,6f29b1f1b2b1b2b3f3b3f1n#,,2
20250116-M-Australian_Open-R64-Learner_Tien-Daniil_Medvedev,189,2,0,3,3,30-30,29,True,1,4n,6b28f1f1b1f1b2b3r1n#,,2
20250116-M-Australian_Open-R64-Learner_Tien-Daniil_Medvedev,190,2,0,3,3,30-40,29,True,1,6f2d#,,,1
20250116-M-Australian_Open-R64-Learner_Tien-Daniil_Medvedev,191,2,0,3,3,40-40,29,True,1,6b19f2b2f2b1n@,,,1
20250116-M-Australian_Open-R64-Learner_Tien-Daniil_Medvedev,192,2,0,3,3,AD-40,29,True,1,4b38f1n@,,,2
20250116-M-Australian_Open-R64-Learner_Tien-Daniil_Medvedev,193,2,0,3,3,40-40,29,True,1,4x,5b29f2b2b2f1b2b1s1f+1b3z1m3p3f3d#,,2
20250116-M-Australian_Open-R64-Learner_Tien-Daniil_Medvedev,194,2,0,3,3,40-AD,29,True,1,6f17b1w@,,,2
20250116-M-Australian_Open-R64-Learner_Tien-Daniil_Medvedev,195,2,0,3,4,0-0,30,True,2,4w,5f3n@,,2
20250116-M-Australian_Open-R64-Learner_Tien-Daniil_Medvedev,196,2,0,3,4,15-0,30,True,2,4f29b1s1f1b+3m1o1*,,,1
20250116-M-Australian_Open-R64-Learner_Tien-Daniil_Medvedev,197,2,0,3,4,15-15,30,True,2,4+s2j1b3z3*,,,2
20250116-M-Australian_Open-R64-Learner_Tien-Daniil_Medvedev,198,2,0,3,4,30-15,30,True,2,4f29b2f1f3d#,,,1
20250116-M-Australian_Open-R64-Learner_Tien-Daniil_Medvedev,199,2,0,3,4,30-30,30,True,2,6n,6d,,1
20250116-M-Australian_Open-R64-Learner_Tien-Daniil_Medvedev,200,2,0,3,4,30-40,30,True,2,4d,5f29b2b2b1s1f1b2b1d@,,1
20250116-M-Australian_Open-R64-Learner_Tien-Daniil_Medvedev,201,2,0,4,4,0-0,31,True,1,Q,,,1
20250116-M-Australian_Open-R64-Learner_Tien-Daniil_Medvedev,202,2,0,4,4,15-0,31,True,1,4b29b3b3f2f1b2f1b1f1s1f1s1f1b3b3n@,,,1
20250116-M-Australian_Open-R64-Learner_Tien-Daniil_Medvedev,203,2,0,4,4,30-0,31,True,1,4f17s2s2f1f1b1f1b1f2f1f3f1*,,,1
20250116-M-Australian_Open-R64-Learner_Tien-Daniil_Medvedev,204,2,0,4,4,40-0,31,True,1,4b38f2f1s1f1b3b2n#,,,1
20250116-M-Australian_Open-R64-Learner_Tien-Daniil_Medvedev,205,2,0,5,4,0-0,32,True,2,c4*,,,2
20250116-M-Australian_Open-R64-Learner_Tien-Daniil_Medvedev,206,2,0,5,4,15-0,32,True,2,4f;37i^1*,,,2
20250116-M-Australian_Open-R64-Learner_Tien-Daniil_Medvedev,207,2,0,5,4,30-0,32,True,2,4b38b3r2b3f3b1s2d@,,,2
20250116-M-Australian_Open-R64-Learner_Tien-Daniil_Medvedev,208,2,0,5,4,40-0,32,True,2,4*,,,2
20250116-M-Australian_Open-R64-Learner_Tien-Daniil_Medvedev,209,2,0,5,5,0-0,33,True,1,4f18f+3m3d#,,,1
20250116-M-Australian_Open-R64-Learner_Tien-Daniil_Medvedev,210,2,0,5,5,15-0,33,True,1,6n,4b2d@,,1
20250116-M-Australian_Open-R64-Learner_Tien-Daniil_Medvedev,211,2,0,5,5,30-0,33,True,1,6n,5b38r2b+1b1v2n#,,1
20250116-M-Australian_Open-R64-Learner_Tien-Daniil_Medvedev,212,2,0,5,5,40-0,33,True,1,6f29b2y1n@,,,1
20250116-M-Australian_Open-R64-Learner_Tien-Daniil_Medvedev,213,2,0,6,5,0-0,34,True,2,6f39b3r1n#,,,2
20250116-M-Australian_Open-R64-Learner_Tien-Daniil_Medvedev,214,2,0,6,5,15-0,34,True,2,4f38b3f1*,,,1
20250116-M-Australian_Open-R64-Learner_Tien-Daniil_Medvedev,215,2,0,6,5,15-15,34,True,2,4b28b3*,,,2
20250116-M-Australian_Open-R64-Learner_Tien-Daniil_Medvedev,216,2,0,6,5,30-15,34,True,2,4*,,,2
20250116-M-Australian_Open-R64-Learner_Tien-Daniil_Medvedev,217,2,0,6,5,40-15,34,True,2,4b37w#,,,2
20250116-M-Australian_Open-R64-Learner_Tien-Daniil_Medvedev,218,2,0,6,6,0-0,35,True,1,4f17b1f1b2f3n@,,,1
20250116-M-Australian_Open-R64-Learner_Tien-Daniil_Medvedev,219,2,0,6,6,0-1,35,True,2,4d,6f29b1s1f1b1f3r3b1b2f3f1f1b1w@,,2
20250116-M-Australian_Open-R64-Learner_Tien-Daniil_Medvedev,220,2,0,6,6,1-1,35,True,2,4+s2k3l2o=2s2f3r3y1b-1f2*,,,2
20250116-M-Australian_Open-R64-Learner_Tien-Daniil_Medvedev,221,2,0,6,6,1-2,35,True,1,4b39w#,,,1
20250116-M-Australian_Open-R64-Learner_Tien-Daniil_Medvedev,222,2,0,6,6,2-2,35,True,1,4f17s1f1b2b1b2f1b2f1b3s2f3b2b1f1s1f3f2f1b1f3f3s2b1*,,,1
20250116-M-Australian_Open-R64-Learner_Tien-Daniil_Medvedev,223,2,0,6,6,2-3,35,True,2,4n,6f29b2f1f1b1f1b2f1b2f1b2b1b2f3n#,,1
20250116-M-Australian_Open-R64-Learner_Tien-Daniil_Medvedev,224,2,0,6,6,2-4,35,True,2,4b18f3f2n#,,,2
20250116-M-Australian_Open-R64-Learner_Tien-Daniil_Medvedev,225,2,0,6,6,4-3,35,True,1,6d,4b38f1f1b2b3f2b3r2f1s1f1b3b2f1d@,,2
20250116-M-Australian_Open-R64-Learner_Tien-Daniil_Medvedev,226,2,0,6,6,4-4,35,True,1,6b28f1d@,,,2
20250116-M-Australian_Open-R64-Learner_Tien-Daniil_Medvedev,227,2,0,6,6,5-4,35,True,2,4f38b;+1b1v2f-3*,,,1
20250116-M-Australian_Open-R64-Learner_Tien-Daniil_Medvedev,228,2,0,6,6,5-5,35,True,2,6*,,,2
20250116-M-Australian_Open-R64-Learner_Tien-Daniil_Medvedev,229,2,0,6,6,5-6,35,True,1,4b38f3b3f3b2s2f3f3b3f3s1s2f1b1f1b3b3r3s1b1f3f3s2f1*,,,1
20250116-M-Australian_Open-R64-Learner_Tien-Daniil_Medvedev,230,2,0,6,6,6-6,35,True,1,4f29f2f1b1f1b1f1b3b3f1f1s2b3f3b1n#,,,1
20250116-M-Australian_Open-R64-Learner_Tien-Daniil_Medvedev,231,2,0,6,6,6-7,35,True,2,4*,,,2
20250116-M-Australian_Open-R64-Learner_Tien-Daniil_Medvedev,232,2,0,6,6,7-7,35,True,2,4w,5b39b3f1d@,,2
20250116-M-Australian_Open-R64-Learner_Tien-Daniil_Medvedev,233,2,0,6,6,7-8,35,True,1,6f28f1f2f+3s#,,,1
20250116-M-Australian_Open-R64-Learner_Tien-Daniil_Medvedev,234,2,0,6,6,8-8,35,True,1,6w,6b29f1f1b1f3*,,2
20250116-M-Australian_Open-R64-Learner_Tien-Daniil_Medvedev,235,2,0,6,6,9-8,35,True,2,6b18f1s2f1b1f1b2b2f2n@,,,2
20250116-M-Australian_Open-R64-Learner_Tien-Daniil_Medvedev,236,2,1,0,0,0-0,36,True,2,6#,,,2
20250116-M-Australian_Open-R64-Learner_Tien-Daniil_Medvedev,237,2,1,0,0,15-0,36,True,2,4d,6f38b3f1f2b3s1b3b3r3b3f1f1*,,2
20250116-M-Australian_Open-R64-Learner_Tien-Daniil_Medvedev,238,2,1,0,0,30-0,36,True,2,6d,6w,,1
20250116-M-Australian_Open-R64-Learner_Tien-Daniil_Medvedev,240,2,1,0,0,40-15,36,True,2,c4b2d#,,,2
20250116-M-Australian_Open-R64-Learner_Tien-Daniil_Medvedev,241,2,1,0,1,0-0,37,True,1,6b29f1f1b3b2f1d@,,,2
20250116-M-Australian_Open-R64-Learner_Tien-Daniil_Medvedev,242,2,1,0,1,0-15,37,True,1,6f29b2b3f2f1b1f2f3s2f+1f3*,,,2
20250116-M-Australian_Open-R64-Learner_Tien-Daniil_Medvedev,243,2,1,0,1,0-30,37,True,1,6w,5b27f1r3f3d@,,2
20250116-M-Australian_Open-R64-Learner_Tien-Daniil_Medvedev,244,2,1,0,1,0-40,37,True,1,4b39f1d#,,,2
20250116-M-Australian_Open-R64-Learner_Tien-Daniil_Medvedev,245,2,1,0,2,0-0,38,True,2,4s28b3n@,,,1
20250116-M-Australian_Open-R64-Learner_Tien-Daniil_Medvedev,246,2,1,0,2,0-15,38,True,2,4d,6b28b2s1n@,,2
20250116-M-Australian_Open-R64-Learner_Tien-Daniil_Medvedev,247,2,1,0,2,15-15,38,True,2,4b3n#,,,2
20250116-M-Australian_Open-R64-Learner_Tien-Daniil_Medvedev,248,2,1,0,2,30-15,38,True,2,4f38b1n@,,,1
20250116-M-Australian_Open-R64-Learner_Tien-Daniil_Medvedev,249,2,1,0,2,30-30,38,True,2,5d,5b37b3f1f1b1f3r2b2s2b3f3b3f1w@,,2
20250116-M-Australian_Open-R64-Learner_Tien-Daniil_Medvedev,250,2,1,0,2,40-30,38,True,2,4d,c5b27b1s2f1b3d@,,2
20250116-M-Australian_Open-R64-Learner_Tien-Daniil_Medvedev,251,2,1,0,3,0-0,39,True,1,6b27f1f3f+3b3w#,,,1
20250116-M-Australian_Open-R64-Learner_Tien-Daniil_Medvedev,252,2,1,0,3,15-0,39,True,1,6r29f2f3f2b3f3b1*,,,2
20250116-M-Australian_Open-R64-Learner_Tien-Daniil_Medvedev,253,2,1,0,3,15-15,39,True,1,4n,6b38*,,2
20250116-M-Australian_Open-R64-Learner_Tien-Daniil_Medvedev,254,2,1,0,3,15-30,39,True,1,6f27y3*,,,1
20250116-M-Australian_Open-R64-Learner_Tien-Daniil_Medvedev,255,2,1,0,3,30-30,39,True,1,4f19b3n#,,,2
20250116-M-Australian_Open-R64-Learner_Tien-Daniil_Medvedev,256,2,1,0,3,30-40,39,True,1,c6d,6*,,1
20250116-M-Australian_Open-R64-Learner_Tien-Daniil_Medvedev,257,2,1,0,3,40-40,39,True,1,6n,6b18b2f1b1f1s2f1b3w@,,2
20250116-M-Australian_Open-R64-Learner_Tien-Daniil_Medvedev,258,2,1,0,3,40-AD,39,True,1,4b39f1f2f+1f2n#,,,1
20250116-M-Australian_Open-R64-Learner_Tien-Daniil_Medvedev,259,2,1,0,3,40-40,39,True,1,4r18r+3b3n#,,,1
20250116-M-Australian_Open-R64-Learner_Tien-Daniil_Medvedev,260,2,1,0,3,AD-40,39,True,1,4b39f1d#,,,2
20250116-M-Australian_Open-R64-Learner_Tien-Daniil_Medvedev,261,2,1,0,3,40-40,39,True,1,4f28f1w@,,,2
20250116-M-Australian_Open-R64-Learner_Tien-Daniil_Medvedev,262,2,1,0,3,40-AD,39,True,1,6r39f3b;3f1n#,,,2
20250116-M-Australian_Open-R64-Learner_Tien-Daniil_Medvedev,263,2,1,0,4,0-0,40,True,2,4b3n#,,,2
20250116-M-Australian_Open-R64-Learner_Tien-Daniil_Medvedev,264,2,1,0,4,15-0,40,True,2,5b39b1b1f2f1n@,,,2
20250116-M-Australian_Open-R64-Learner_Tien-Daniil_Medvedev,265,2,1,0,4,30-0,40,True,2,4s3n#,,,2
20250116-M-Australian_Open-R64-Learner_Tien-Daniil_Medvedev,266,2,1,0,4,40-0,40,True,2,6d,4d,,1
20250116-M-Australian_Open-R64-Learner_Tien-Daniil_Medvedev,267,2,1,0,4,40-15,40,True,2,6*,,,2
20250116-M-Australian_Open-R64-Learner_Tien-Daniil_Medvedev,268,2,1,0,5,0-0,41,True,1,6b2d#,,,1
20250116-M-Australian_Open-R64-Learner_Tien-Daniil_Medvedev,269,2,1,0,5,15-0,41,True,1,5f19b1f2b2n@,,,2
20250116-M-Australian_Open-R64-Learner_Tien-Daniil_Medvedev,270,2,1,0,5,15-15,41,True,1,4d,6b28f3b3w@,,1
20250116-M-Australian_Open-R64-Learner_Tien-Daniil_Medvedev,271,2,1,0,5,30-15,41,True,1,6f19s2y1i#,,,2
20250116-M-Australian_Open-R64-Learner_Tien-Daniil_Medvedev,272,2,1,0,5,30-30,41,True,1,4n,6b19b1f1b3b3f#,,2
20250116-M-Australian_Open-R64-Learner_Tien-Daniil_Medvedev,273,2,1,0,5,30-40,41,True,1,4b39f1*,,,1
20250116-M-Australian_Open-R64-Learner_Tien-Daniil_Medvedev,274,2,1,0,5,40-40,41,True,1,6b29f1*,,,1
20250116-M-Australian_Open-R64-Learner_Tien-Daniil_Medvedev,275,2,1,0,5,AD-40,41,True,1,4b3x#,,,1
20250116-M-Australian_Open-R64-Learner_Tien-Daniil_Medvedev,276,2,1,1,5,0-0,42,True,2,6d,6f37b3u3n@,,2
20250116-M-Australian_Open-R64-Learner_Tien-Daniil_Medvedev,277,2,1,1,5,15-0,42,True,2,4d,4#,,2
20250116-M-Australian_Open-R64-Learner_Tien-Daniil_Medvedev,278,2,1,1,5,30-0,42,True,2,6d,5f37b3*,,2
20250116-M-Australian_Open-R64-Learner_Tien-Daniil_Medvedev,279,2,1,1,5,40-0,42,True,2,6n,6*,,2
20250116-M-Australian_Open-R64-Learner_Tien-Daniil_Medvedev,280,2,2,0,0,0-0,43,True,1,6b27f3b2b2f3w@,,,1
20250116-M-Australian_Open-R64-Learner_Tien-Daniil_Medvedev,281,2,2,0,0,15-0,43,True,1,4b29b2b1b1f1b1f1s1f3r3b3f1n@,,,2
20250116-M-Australian_Open-R64-Learner_Tien-Daniil_Medvedev,282,2,2,0,0,15-15,43,True,1,6m27o1f2v3*,,,1
20250116-M-Australian_Open-R64-Learner_Tien-Daniil_Medvedev,283,2,2,0,0,30-15,43,True,1,6d,4b19b2f1s1f1b;2s1f1x@,,2
20250116-M-Australian_Open-R64-Learner_Tien-Daniil_Medvedev,284,2,2,0,0,30-30,43,True,1,c4n,6b38f2b2s1f1s1d@,,2
20250116-M-Australian_Open-R64-Learner_Tien-Daniil_Medvedev,285,2,2,0,0,30-40,43,True,1,6f3x#,,,1
20250116-M-Australian_Open-R64-Learner_Tien-Daniil_Medvedev,286,2,2,0,0,40-40,43,True,1,4n,6b18b1f1b1w@,,2
20250116-M-Australian_Open-R64-Learner_Tien-Daniil_Medvedev,287,2,2,0,0,40-AD,43,True,1,6f28f1*,,,1
20250116-M-Australian_Open-R64-Learner_Tien-Daniil_Medvedev,288,2,2,0,0,40-40,43,True,1,4f19b3b2f2f1b1f1b3b3f3d@,,,2
20250116-M-Australian_Open-R64-Learner_Tien-Daniil_Medvedev,289,2,2,0,0,40-AD,43,True,1,4f29f3b1b3b3f3b1s1f1s1f1b2b2b2f1s1f1b3b1b2f2f3s1s1r1d@,,,1
20250116-M-Australian_Open-R64-Learner_Tien-Daniil_Medvedev,290,2,2,0,0,40-40,43,True,1,5b2n#,,,1
20250116-M-Australian_Open-R64-Learner_Tien-Daniil_Medvedev,291,2,2,0,0,AD-40,43,True,1,4b29f2f2f2b3f2b2s1f3f3b3f1f1s1w@,,,2
20250116-M-Australian_Open-R64-Learner_Tien-Daniil_Medvedev,292,2,2,0,0,40-40,43,True,1,6b29f1f3r3b3f3b3f2f1b1f1b1f3f3b2s2b2f3b1s2f3f2b1s1f3r3b;1b1f1b3b3f3b1n@,,,1
20250116-M-Australian_Open-R64-Learner_Tien-Daniil_Medvedev,293,2,2,0,0,AD-40,43,True,1,6n,6r27s3b3f3b1s1f1s1f2b2f1b3b2f3s2s1f3w#,,1
20250116-M-Australian_Open-R64-Learner_Tien-Daniil_Medvedev,294,2,2,1,0,0-0,44,True,2,4w,4b27b2f3b1s1d#,,2
20250116-M-Australian_Open-R64-Learner_Tien-Daniil_Medvedev,295,2,2,1,0,15-0,44,True,2,4*,,,2
20250116-M-Australian_Open-R64-Learner_Tien-Daniil_Medvedev,296,2,2,1,0,30-0,44,True,2,4b39b3f1n#,,,2
20250116-M-Australian_Open-R64-Learner_Tien-Daniil_Medvedev,297,2,2,1,0,40-0,44,True,2,4w,4f19f#,,1
20250116-M-Australian_Open-R64-Learner_Tien-Daniil_Medvedev,298,2,2,1,0,40-15,44,True,2,4b28f3d@,,,1
20250116-M-Australian_Open-R64-Learner_Tien-Daniil_Medvedev,299,2,2,1,0,40-30,44,True,2,4w,6f18f1b3b3r3b1bf1s1d@,,2
20250116-M-Australian_Open-R64-Learner_Tien-Daniil_Medvedev,300,2,2,1,1,0-0,45,True,1,6b29f1f1b1f1b3b3f3b1s1f1s1f1b3b3r3b2b2f2n@,,,1
20250116-M-Australian_Open-R64-Learner_Tien-Daniil_Medvedev,301,2,2,1,1,15-0,45,True,1,4b37f1*,,,1
20250116-M-Australian_Open-R64-Learner_Tien-Daniil_Medvedev,302,2,2,1,1,30-0,45,True,1,4f17w#,,,1
20250116-M-Australian_Open-R64-Learner_Tien-Daniil_Medvedev,303,2,2,1,1,40-0,45,True,1,4b38f1f2n#,,,1
20250116-M-Australian_Open-R64-Learner_Tien-Daniil_Medvedev,304,2,2,2,1,0-0,46,True,2,6r29b1x@,,,1
20250116-M-Australian_Open-R64-Learner_Tien-Daniil_Medvedev,305,2,2,2,1,0-15,46,True,2,4n,6n,,1
20250116-M-Australian_Open-R64-Learner_Tien-Daniil_Medvedev,306,2,2,2,1,0-30,46,True,2,6d,4s2n#,,2
20250116-M-Australian_Open-R64-Learner_Tien-Daniil_Medvedev,307,2,2,2,1,15-30,46,True,2,4w,6f39b2f3b3f3b3*,,2
20250116-M-Australian_Open-R64-Learner_Tien-Daniil_Medvedev,308,2,2,2,1,30-30,46,True,2,4b17f1s2b1s2f3f3b3w@,,,1
20250116-M-Australian_Open-R64-Learner_Tien-Daniil_Medvedev,309,2,2,2,1,30-40,46,True,2,4d,6b29b1s1f1s2b3f2b1s2b2f2b1s1f1b2f3r3b3f2f1d@,,1
20250116-M-Australian_Open-R64-Learner_Tien-Daniil_Medvedev,310,2,2,3,1,0-0,47,True,1,6b18s2f3r3b1b2f3r3b3r2s1s1r2n@,,,1
20250116-M-Australian_Open-R64-Learner_Tien-Daniil_Medvedev,311,2,2,3,1,15-0,47,True,1,5d,4b27s2b1s2f1s1f3r3b3r2n#,,2
20250116-M-Australian_Open-R64-Learner_Tien-Daniil_Medvedev,312,2,2,3,1,15-15,47,True,1,6b19b1f2f1x@,,,2
20250116-M-Australian_Open-R64-Learner_Tien-Daniil_Medvedev,313,2,2,3,1,15-30,47,True,1,6f2d#,,,1
20250116-M-Australian_Open-R64-Learner_Tien-Daniil_Medvedev,314,2,2,3,1,30-30,47,True,1,4n,6b28f3b3f2f1s2s1f;3f+1m1f1b1f3f3b3f3b1s1n@,,2
20250116-M-Australian_Open-R64-Learner_Tien-Daniil_Medvedev,315,2,2,3,1,30-40,47,True,1,6d,4b19s2f1b1f3r1f+1b3n#,,2
20250116-M-Australian_Open-R64-Learner_Tien-Daniil_Medvedev,316,2,2,3,2,0-0,48,True,2,4w,4b18f1d@,,1
20250116-M-Australian_Open-R64-Learner_Tien-Daniil_Medvedev,317,2,2,3,2,0-15,48,True,2,4#,,,2
20250116-M-Australian_Open-R64-Learner_Tien-Daniil_Medvedev,318,2,2,3,2,15-15,48,True,2,6f1n#,,,2
20250116-M-Australian_Open-R64-Learner_Tien-Daniil_Medvedev,319,2,2,3,2,30-15,48,True,2,6b37b3f3b1s3b3f3b1s1w@,,,2
20250116-M-Australian_Open-R64-Learner_Tien-Daniil_Medvedev,320,2,2,3,2,40-15,48,True,2,4b27f3*,,,2
20250116-M-Australian_Open-R64-Learner_Tien-Daniil_Medvedev,321,2,2,3,3,0-0,49,True,1,4d,5b29f2b3f2f1b3b1b1f1b1d@,,2
20250116-M-Australian_Open-R64-Learner_Tien-Daniil_Medvedev,322,2,2,3,3,0-15,49,True,1,6f29b3b2b2b2b2b1b1f1b3b3r3b1w@,,,1
20250116-M-Australian_Open-R64-Learner_Tien-Daniil_Medvedev,323,2,2,3,3,15-15,49,True,1,6b18f2b2f2f1n@,,,1
20250116-M-Australian_Open-R64-Learner_Tien-Daniil_Medvedev,324,2,2,3,3,30-15,49,True,1,5f29b2s1s3b3f2b1s1f2b2b2s1f1s2b2b2b3r2f1*,,,2
20250116-M-Australian_Open-R64-Learner_Tien-Daniil_Medvedev,325,2,2,3,3,30-30,49,True,1,6d,5b39f3b2b2f2f2b2b2b2b2b3f3b1s1f1b1r2d#,,1
20250116-M-Australian_Open-R64-Learner_Tien-Daniil_Medvedev,326,2,2,3,3,40-30,49,True,1,4b28f2b1s2b2s2b3f1f2b2b1s2b2s2b1s1f1b3b1w@,,,1
20250116-M-Australian_Open-R64-Learner_Tien-Daniil_Medvedev,327,2,2,4,3,0-0,50,True,2,6f2n#,,,2
20250116-M-Australian_Open-R64-Learner_Tien-Daniil_Medvedev,328,2,2,4,3,15-0,50,True,2,4*,,,2
20250116-M-Australian_Open-R64-Learner_Tien-Daniil_Medvedev,329,2,2,4,3,30-0,50,True,2,4*,,,2
20250116-M-Australian_Open-R64-Learner_Tien-Daniil_Medvedev,330,2,2,4,3,40-0,50,True,2,4w,5f19*,,1
20250116-M-Australian_Open-R64-Learner_Tien-Daniil_Medvedev,331,2,2,4,3,40-15,50,True,2,4b19f2d#,,,1
20250116-M-Australian_Open-R64-Learner_Tien-Daniil_Medvedev,332,2,2,4,3,40-30,50,True,2,4f3d#,,,2
20250116-M-Australian_Open-R64-Learner_Tien-Daniil_Medvedev,333,2,2,4,4,0-0,51,True,1,6b29f1f2s2b1s3b3f2f2b2b1b2b2s3b1s3b3f2b1s3b3f1r2n#,,,1
20250116-M-Australian_Open-R64-Learner_Tien-Daniil_Medvedev,334,2,2,4,4,15-0,51,True,1,4b29b2f2f1f1b3s2f3*,,,1
20250116-M-Australian_Open-R64-Learner_Tien-Daniil_Medvedev,335,2,2,4,4,30-0,51,True,1,4f27b3b3f2f2b1f3f3b2r3b3f2f2b2s1s1f1s3d@,,,2
20250116-M-Australian_Open-R64-Learner_Tien-Daniil_Medvedev,336,2,2,4,4,30-15,51,True,1,6f2d#,,,1
20250116-M-Australian_Open-R64-Learner_Tien-Daniil_Medvedev,337,2,2,4,4,40-15,51,True,1,6b28f3b3f1f1s2b2b3b3r3n#,,,2
20250116-M-Australian_Open-R64-Learner_Tien-Daniil_Medvedev,338,2,2,4,4,40-30,51,True,1,6f39w#,,,1
20250116-M-Australian_Open-R64-Learner_Tien-Daniil_Medvedev,339,2,2,5,4,0-0,52,True,2,6f29b3f3b2s2f1b1f1s1f3w@,,,1
20250116-M-Australian_Open-R64-Learner_Tien-Daniil_Medvedev,340,2,2,5,4,0-15,52,True,2,4n,6f19f2f1n@,,2
20250116-M-Australian_Open-R64-Learner_Tien-Daniil_Medvedev,341,2,2,5,4,15-15,52,True,2,6n,5b28b1b2b3r3b3f3b2s2b1s1f1s2n@,,2
20250116-M-Australian_Open-R64-Learner_Tien-Daniil_Medvedev,342,2,2,5,4,30-15,52,True,2,4d,6b28b2f2b1s1f2b3b3f2b2b2b1s1f1w@,,1
20250116-M-Australian_Open-R64-Learner_Tien-Daniil_Medvedev,343,2,2,5,4,30-30,52,True,2,4+b3z^3*,,,2
20250116-M-Australian_Open-R64-Learner_Tien-Daniil_Medvedev,344,2,2,5,4,40-30,52,True,2,4d,6f39b3f3b2b2b2s2b2s1f3f3b1s1f1b3b3f2b1s1f1s2b1s2y1i3b3*,,2
20250116-M-Australian_Open-R64-Learner_Tien-Daniil_Medvedev,345,2,2,5,5,0-0,53,True,1,4f28f3s1f1f3w@,,,1
20250116-M-Australian_Open-R64-Learner_Tien-Daniil_Medvedev,346,2,2,5,5,15-0,53,True,1,4b29b2f2s2b3f3b3f3b1s1f1s3d@,,6 minute rain delay- roof closed,2
20250116-M-Australian_Open-R64-Learner_Tien-Daniil_Medvedev,347,2,2,5,5,15-15,53,True,1,5b18f1f1b1f3f2b3f3b2b2b2b1f1b1f2b1f1b3b3f1f3*,,,2
20250116-M-Australian_Open-R64-Learner_Tien-Daniil_Medvedev,348,2,2,5,5,15-30,53,True,1,5f28b2b3f3b3r3b3f2d@,,,2
20250116-M-Australian_Open-R64-Learner_Tien-Daniil_Medvedev,349,2,2,5,5,15-40,53,True,1,c6b27f1r1f1f1s1f1b2b2b3b3f2f1b2n#,,,2
20250116-M-Australian_Open-R64-Learner_Tien-Daniil_Medvedev,350,2,2,5,6,0-0,54,True,2,6n,4b19f1f1f3r2b3r2b1s1f1s3b3f3n#,,2
20250116-M-Australian_Open-R64-Learner_Tien-Daniil_Medvedev,351,2,2,5,6,15-0,54,True,2,4f28b1b1f2f1f2f1*,,,1
20250116-M-Australian_Open-R64-Learner_Tien-Daniil_Medvedev,352,2,2,5,6,15-15,54,True,2,4s17f1s2b1s1f1b3*,,,1
20250116-M-Australian_Open-R64-Learner_Tien-Daniil_Medvedev,353,2,2,5,6,15-30,54,True,2,5f29b1w@,,,1
20250116-M-Australian_Open-R64-Learner_Tien-Daniil_Medvedev,354,2,2,5,6,15-40,54,True,2,4b39b2f1f2b+3b2b-1*,,,1
20250116-M-Australian_Open-R64-Learner_Tien-Daniil_Medvedev,355,2,2,6,6,0-0,55,True,1,6b29f;2s2f1f1b3*,,,1
20250116-M-Australian_Open-R64-Learner_Tien-Daniil_Medvedev,356,2,2,6,6,0-1,55,True,2,4*,,,2
20250116-M-Australian_Open-R64-Learner_Tien-Daniil_Medvedev,357,2,2,6,6,1-1,55,True,2,6d,4b29b3f3b3f3b1s1r2f1f1b3b3f2b2f3b1s1f3r3b3n@,,1
20250116-M-Australian_Open-R64-Learner_Tien-Daniil_Medvedev,358,2,2,6,6,2-1,55,True,1,4b39f2f3r2f+1b3z^3*,,,2
20250116-M-Australian_Open-R64-Learner_Tien-Daniil_Medvedev,359,2,2,6,6,2-2,55,True,1,4f17b3m2j=+3b1k1*,,,1
20250116-M-Australian_Open-R64-Learner_Tien-Daniil_Medvedev,360,2,2,6,6,2-3,55,True,2,c4d,6f1n@,,2
20250116-M-Australian_Open-R64-Learner_Tien-Daniil_Medvedev,361,2,2,6,6,3-3,55,True,2,4d,4b39b2f3b2f2f3f3b3f3b2b2f1b3b3r3s1b3b2f3b3r3b3f3w@,,2
20250116-M-Australian_Open-R64-Learner_Tien-Daniil_Medvedev,362,2,2,6,6,3-4,55,True,1,4b3x#,,,1
20250116-M-Australian_Open-R64-Learner_Tien-Daniil_Medvedev,363,2,2,6,6,4-4,55,True,1,6w,5b29f3b1b2f1s2d@,,2
20250116-M-Australian_Open-R64-Learner_Tien-Daniil_Medvedev,364,2,2,6,6,5-4,55,True,2,4f2n#,,,2
20250116-M-Australian_Open-R64-Learner_Tien-Daniil_Medvedev,365,2,2,6,6,6-4,55,True,2,4b28b2f3b1s2f1s1f1b1f1b1f2f1r2u1*,,,1
20250116-M-Australian_Open-R64-Learner_Tien-Daniil_Medvedev,366,2,2,6,6,5-6,55,True,1,5n,4b27b2b2b3b2b1f1b3b3f3b2s2f1b2f3r2b2s1f1b1f1d@,,1
20250116-M-Australian_Open-R64-Learner_Tien-Daniil_Medvedev,367,2,2,6,6,6-6,55,True,1,6b29f1w@,,,2
20250116-M-Australian_Open-R64-Learner_Tien-Daniil_Medvedev,368,2,2,6,6,7-6,55,True,2,6b28b+1s3z3f1*,,,1
20250116-M-Australian_Open-R64-Learner_Tien-Daniil_Medvedev,369,2,2,6,6,7-7,55,True,2,6f37b3f3b2b3b2b2b1s1f1b1f1b3s2f1*,,,1
20250116-M-Australian_Open-R64-Learner_Tien-Daniil_Medvedev,370,2,2,6,6,8-7,55,True,1,4b28b2f2b2b2s2b3f2b1b1f1b1f3r3b3f3b3x@,,,1
20250116-M-Australian_Open-R64-Learner_Tien-Daniil_Medvedev,371,2,2,6,6,9-7,55,True,1,6b2d#,,,1